sequence,busstop_id
0,94019
1,93041
2,93049
3,93031
4,93089
5,93121
6,93201
7,93159
8,93039
9,93161
10,93169
11,93149
12,93151
13,93131
14,84121
15,84161
16,84041
17,84049
18,84169
19,84139
20,84029
21,84011
22,84019
23,83171
24,83179
25,92159
26,92151
27,92149
28,92071
29,92079
30,92279
31,92271
32,92061
33,92069
34,92231
35,92239
36,83311
37,83319
38,83309
39,92139
40,92301
41,92309
42,92131
43,83131
44,83149
45,83141
46,83049
47,83321
48,83062
49,83329
50,83063
51,83081
52,83099
53,83371
54,83381
55,83011
56,82009
57,82049
58,82151
59,82159
60,82221
61,82033
62,71209
63,71219
64,71211
65,81101
66,81111
67,81119
68,81109
69,70201
70,70371
71,70251
72,70259
73,70211
74,81211
75,81209
76,81201
77,81219
78,81051
79,82091
80,82079
81,82129
82,82121
83,82131
84,82149
85,82171
86,82109
87,82011
88,82032
89,83111
90,83119
91,92209
92,92201
93,83121
94,83129
95,92141
96,92219
97,92211
98,93171
99,93199
100,93021
101,93179
102,93189
103,92081
104,93011
105,93029
106,93019
107,92199
108,93181
109,92191
110,92289
111,92221
112,92229
113,92089
114,93051
115,83139
116,83159
117,83151
118,83029
119,83299
120,83169
121,82181
122,83291
123,83031
124,83331
125,83191
126,83181
127,83209
128,83201
129,83059
130,83079
131,83199
132,83189
133,83219
134,93061
135,93079
136,93071
137,93081
138,84159
139,84151
140,93091
141,93099
142,93139
143,94011
144,94089
145,94099
146,94059
147,94061
148,94069
149,85029
150,85019
151,85021
152,94071
153,94079
154,94009
155,94051
156,94049
157,84669
158,94041
159,84679
160,84671
161,84661
162,84109
163,84101
164,84071
165,84079
166,84691
167,84681
168,85099
169,85091
170,85039
171,85059
172,85051
173,84249
174,84239
175,84231
176,84259
177,84271
178,84269
179,84251
180,84221
181,84229
182,84529
183,84211
184,84359
185,84039
186,83271
187,83281
188,84131
189,84129
190,84119
191,84111
192,84141
193,84089
194,84281
195,84289
196,84191
197,84199
198,84219
199,84351
200,84521
201,84311
202,84319
203,84371
204,84321
205,84349
206,84341
207,84421
208,84429
209,84381
210,84561
211,84571
212,84579
213,84569
214,84641
215,84649
216,84559
217,84551
218,83229
219,93109
220,93101
221,93069
222,93129
223,93059
224,93111
225,93119
226,83231
227,83239
228,83249
229,83269
230,83251
231,83279
232,83261
233,84021
234,84589
235,84581
236,84379
237,84411
238,84419
239,84449
240,84201
241,75349
242,84609
243,84631
244,84611
245,84619
246,84629
247,84639
248,84601
249,75341
250,75069
251,75051
252,75059
253,76071
254,76111
255,76289
256,76281
257,75229
258,75221
259,75239
260,75249
261,75241
262,75231
263,84261
264,84279
265,84599
266,84591
267,96151
268,96159
269,76081
270,76329
271,76291
272,76179
273,76171
274,76089
275,76099
276,96121
277,96181
278,96189
279,96161
280,96169
281,96149
282,96141
283,96269
284,96179
285,96261
286,96139
287,96131
288,96129
289,76411
290,76419
291,76429
292,76241
293,76249
294,78161
295,78169
296,78061
297,78069
298,78079
299,78171
300,78179
301,78071
302,77051
303,77369
304,77361
305,77351
306,77359
307,77349
308,77039
309,77371
310,77009
311,77321
312,77329
313,77029
314,77021
315,77031
316,77049
317,77041
318,77059
319,78241
320,78101
321,78231
322,78151
323,78159
324,78209
325,78141
326,78149
327,78201
328,78131
329,78221
330,78229
331,78121
332,78269
333,78259
334,78251
335,78261
336,78271
337,78279
338,98209
339,98219
340,98229
341,98151
342,98079
343,98071
344,98161
345,98139
346,98051
347,98231
348,98239
349,98121
350,78139
351,78129
352,78099
353,77109
354,77101
355,77099
356,77119
357,77111
358,77129
359,77091
360,77089
361,77079
362,77219
363,77259
364,77251
365,77221
366,77279
367,65569
368,65561
369,65321
370,65329
371,65269
372,65261
373,65239
374,65231
375,65429
376,65171
377,65279
378,65419
379,65411
380,65271
381,65281
382,65221
383,65219
384,65201
385,67259
386,67251
387,65061
388,65069
389,65059
390,67119
391,67111
392,67181
393,67759
394,67189
395,67109
396,67241
397,67249
398,67421
399,64729
400,67319
401,67769
402,67761
403,67291
404,67461
405,67349
406,67199
407,67341
408,67191
409,67169
410,67161
411,67729
412,67721
413,65019
414,65011
415,64029
416,64021
417,64039
418,64071
419,64379
420,64371
421,62261
422,64421
423,64429
424,64041
425,64049
426,64019
427,64551
428,64521
429,64529
430,64331
431,64399
432,64391
433,64549
434,64381
435,64389
436,64541
437,64009
438,63069
439,63241
440,63061
441,63249
442,63071
443,63079
444,64201
445,63059
446,63349
447,63341
448,63351
449,63379
450,63321
451,63329
452,63201
453,63209
454,63191
455,63199
456,63181
457,66319
458,66131
459,66129
460,66151
461,66271
462,66139
463,66329
464,66321
465,66311
466,66109
467,66421
468,66521
469,66529
470,66509
471,54511
472,54529
473,54521
474,54599
475,54591
476,54501
477,54499
478,54491
479,54641
480,54659
481,54651
482,54509
483,54581
484,54589
485,54439
486,67029
487,67021
488,67019
489,55109
490,55101
491,55081
492,59751
493,59581
494,59761
495,59299
496,59291
497,59589
498,59639
499,59631
500,59359
501,59351
502,59651
503,59391
504,59641
505,59649
506,59621
507,59191
508,59199
509,59189
510,59181
511,59209
512,59201
513,59241
514,59169
515,59689
516,59079
517,59072
518,59073
519,58991
520,59339
521,59081
522,59549
523,57061
524,57069
525,59041
526,59049
527,59059
528,59569
529,59429
530,59481
531,59501
532,55051
533,55059
534,55041
535,55049
536,55071
537,55079
538,55089
539,67011
540,68019
541,68011
542,67081
543,67089
544,67039
545,67049
546,67041
547,67659
548,67651
549,67051
550,67059
551,67061
552,67069
553,66561
554,66569
555,66559
556,66551
557,66589
558,66581
559,65801
560,65809
561,67549
562,67541
563,67379
564,67371
565,67581
566,67369
567,67589
568,67391
569,67311
570,67399
571,67381
572,67389
573,67359
574,67361
575,67629
576,64579
577,64571
578,64439
579,64431
580,64361
581,64369
582,64031
583,67719
584,67711
585,67219
586,67179
587,67171
588,67731
589,67739
590,67501
591,67131
592,67519
593,67509
594,65031
595,65039
596,67141
597,65029
598,67139
599,67121
600,67129
601,67229
602,67671
603,65169
604,65179
605,67221
606,65199
607,65191
608,67231
609,67239
610,65049
611,65041
612,67101
613,67409
614,67009
615,67411
616,67599
617,67421
618,67429
619,65431
620,65439
621,65551
622,65559
623,65541
624,65549
625,68209
626,68201
627,68239
628,68131
629,68159
630,68151
631,68141
632,68149
633,68129
634,68121
635,68139
636,68161
637,68169
638,68099
639,68091
640,68061
641,68089
642,68109
643,68101
644,68081
645,68091
646,68099
647,68069
648,68119
649,68051
650,68039
651,67571
652,67579
653,68021
654,67491
655,67499
656,67289
657,67281
658,67489
659,67481
660,67471
661,67321
662,66609
663,66601
664,66579
665,66571
666,64561
667,64601
668,64609
669,64461
670,64619
671,64611
672,66499
673,66491
674,66541
675,66481
676,66489
677,66619
678,66611
679,67479
680,67559
681,67551
682,67701
683,68111
684,68059
685,68049
686,68031
687,67991
688,67999
689,68029
690,67741
691,67561
692,67569
693,67329
694,67301
695,67309
696,67451
697,64621
698,64629
699,64441
700,67459
701,67299
702,67469
703,67351
704,67449
705,67441
706,67401
707,67419
708,67431
709,67439
710,65579
711,65339
712,65331
713,65499
714,65491
715,65571
716,65539
717,65531
718,67649
719,67691
720,67699
721,67641
722,67591
723,65341
724,65349
725,65209
726,65071
727,65079
728,65159
729,65241
730,65249
731,65161
732,65151
733,65081
734,65089
735,65229
736,65109
737,65489
738,65481
739,65101
740,65639
741,65631
742,65689
743,65139
744,65129
745,65681
746,65661
747,65621
748,65611
749,65619
750,65679
751,65671
752,65459
753,65451
754,65609
755,65401
756,65601
757,65449
758,65441
759,65149
760,65141
761,65409
762,65251
763,65259
764,65359
765,65351
766,65099
767,65091
768,65289
769,65009
770,65461
771,65469
772,65641
773,65651
774,65629
775,65111
776,65119
777,65309
778,65301
779,65381
780,65389
781,65391
782,65399
783,65311
784,65319
785,65371
786,65379
787,65189
788,65181
789,64191
790,64199
791,64181
792,64189
793,64171
794,64179
795,67661
796,67529
797,67531
798,67539
799,67159
800,64401
801,64409
802,67511
803,67521
804,67151
805,64061
806,62251
807,64079
808,64051
809,64059
810,64311
811,64249
812,64231
813,64211
814,64209
815,73019
816,64149
817,64159
818,64141
819,64139
820,72159
821,84709
822,84701
823,72131
824,72141
825,72149
826,84461
827,84469
828,84479
829,84621
830,84471
831,84391
832,84369
833,84361
834,84309
835,84008
836,84031
837,84009
838,84091
839,84301
840,84541
841,84549
842,72039
843,72049
844,71299
845,71131
846,71091
847,71099
848,71101
849,71109
850,71111
851,71201
852,70409
853,70081
854,70099
855,70261
856,70181
857,70381
858,70279
859,70161
860,70151
861,70021
862,60061
863,60221
864,60229
865,60079
866,70031
867,70119
868,70111
869,70049
870,70041
871,70139
872,70131
873,70149
874,70141
875,70281
876,70289
877,70299
878,70301
879,62019
880,62021
881,62029
882,62031
883,62039
884,62089
885,62079
886,62169
887,62161
888,62081
889,62151
890,62159
891,62171
892,62179
893,66041
894,66111
895,66121
896,66251
897,54299
898,54429
899,66211
900,66291
901,66221
902,54309
903,54301
904,54519
905,54291
906,54389
907,54381
908,54091
909,54081
910,54089
911,54331
912,54339
913,54269
914,54401
915,54441
916,54359
917,54479
918,54279
919,54329
920,54321
921,54371
922,54379
923,54601
924,54319
925,54099
926,53241
927,53249
928,53399
929,53301
930,53221
931,53219
932,53211
933,53309
934,53419
935,53409
936,53281
937,53289
938,53279
939,53269
940,54539
941,54311
942,54271
943,54261
944,54009
945,54241
946,54239
947,54229
948,54219
949,54211
950,54169
951,56289
952,56241
953,56249
954,56199
955,56031
956,56019
957,56011
958,53091
959,53071
960,41169
961,41019
962,41011
963,41119
964,41111
965,41029
966,41021
967,40211
968,40219
969,40221
970,40229
971,40191
972,40171
973,8121
974,9037
975,9048
976,9213
977,9179
978,9169
979,9121
980,9191
981,9149
982,9141
983,9131
984,13201
985,40201
986,40209
987,40071
988,40081
989,40091
990,40099
991,51091
992,51099
993,51109
994,51011
995,50059
996,50111
997,50129
998,50229
999,50211
1000,50189
1001,51021
1002,51039
1003,51031
1004,51029
1005,51019
1006,52241
1007,51081
1008,51089
1009,52169
1010,52201
1011,52209
1012,52179
1013,52159
1014,52151
1015,52161
1016,52171
1017,52449
1018,52369
1019,52539
1020,52351
1021,52439
1022,52391
1023,61089
1024,60261
1025,60209
1026,60219
1027,60211
1028,70359
1029,70361
1030,70341
1031,70349
1032,70039
1033,70029
1034,70221
1035,70191
1036,70379
1037,70269
1038,71161
1039,71169
1040,71221
1041,71229
1042,71159
1043,70091
1044,70271
1045,71151
1046,70089
1047,71179
1048,71029
1049,71021
1050,71171
1051,71011
1052,71059
1053,70071
1054,71081
1055,70079
1056,71089
1057,72051
1058,72031
1059,72139
1060,71189
1061,71181
1062,71051
1063,70291
1064,70121
1065,70129
1066,62071
1067,62069
1068,62061
1069,70309
1070,62249
1071,62241
1072,62239
1073,62259
1074,73041
1075,73049
1076,71049
1077,71191
1078,71061
1079,71069
1080,71079
1081,71071
1082,71041
1083,71031
1084,71331
1085,71339
1086,71291
1087,72059
1088,72029
1089,72021
1090,72081
1091,72041
1092,72089
1093,72061
1094,72069
1095,72079
1096,72071
1097,84511
1098,84491
1099,84481
1100,84489
1101,72169
1102,72161
1103,72151
1104,84459
1105,84499
1106,84451
1107,84539
1108,84501
1109,83361
1110,83351
1111,83341
1112,72019
1113,72011
1114,71139
1115,70401
1116,71121
1117,71129
1118,71149
1119,71141
1120,71119
1121,83109
1122,83101
1123,82061
1124,82069
1125,82229
1126,82179
1127,82141
1128,83301
1129,92121
1130,92129
1131,92051
1132,92059
1133,92251
1134,92049
1135,92041
1136,92119
1137,92111
1138,92181
1139,92189
1140,92179
1141,92171
1142,82139
1143,82029
1144,82119
1145,82111
1146,81129
1147,81221
1148,81229
1149,70171
1150,70231
1151,70241
1152,81099
1153,80231
1154,80239
1155,70311
1156,70319
1157,70011
1158,70019
1159,81091
1160,81081
1161,81231
1162,81031
1163,81011
1164,80091
1165,80089
1166,80259
1167,80279
1168,81189
1169,81181
1170,81199
1171,81141
1172,81191
1173,82081
1174,82089
1175,82099
1176,82231
1177,81131
1178,81139
1179,81069
1180,81049
1181,81029
1182,81089
1183,80249
1184,80289
1185,80269
1186,80229
1187,70321
1188,70329
1189,70101
1190,61021
1191,61011
1192,61019
1193,61119
1194,61039
1195,61029
1196,61111
1197,70061
1198,70069
1199,61031
1200,61049
1201,62111
1202,62119
1203,66409
1204,66391
1205,66401
1206,66399
1207,66021
1208,66019
1209,66011
1210,66029
1211,66091
1212,66099
1213,66031
1214,66039
1215,66051
1216,63189
1217,66141
1218,66149
1219,63361
1220,63179
1221,63169
1222,62149
1223,63141
1224,63151
1225,63159
1226,63011
1227,62051
1228,63019
1229,62059
1230,63031
1231,63261
1232,63269
1233,63239
1234,63231
1235,63291
1236,63299
1237,63271
1238,63131
1239,63051
1240,63359
1241,64349
1242,64341
1243,64411
1244,64419
1245,63371
1246,63389
1247,63381
1248,64471
1249,64479
1250,63391
1251,64509
1252,64499
1253,66439
1254,66531
1255,64111
1256,66539
1257,66431
1258,64109
1259,63399
1260,63311
1261,63319
1262,63039
1263,63049
1264,63041
1265,63339
1266,63331
1267,64339
1268,64469
1269,66549
1270,64099
1271,64091
1272,64251
1273,64519
1274,64489
1275,64259
1276,64481
1277,64089
1278,64081
1279,64491
1280,64119
1281,64121
1282,67071
1283,67079
1284,64129
1285,64101
1286,63219
1287,63211
1288,66101
1289,66429
1290,66599
1291,66519
1292,66479
1293,66471
1294,66461
1295,66459
1296,66511
1297,54631
1298,66451
1299,66331
1300,66301
1301,66309
1302,66339
1303,66231
1304,66349
1305,66341
1306,66241
1307,66261
1308,66161
1309,66171
1310,66201
1311,66191
1312,66181
1313,66119
1314,66049
1315,66379
1316,62141
1317,62189
1318,66389
1319,66361
1320,66369
1321,66411
1322,66381
1323,62129
1324,62121
1325,62109
1326,62091
1327,62099
1328,62101
1329,62139
1330,62219
1331,63301
1332,63309
1333,63229
1334,63221
1335,63021
1336,63029
1337,63161
1338,63369
1339,63149
1340,66059
1341,66371
1342,66009
1343,62131
1344,66351
1345,66359
1346,66419
1347,66079
1348,66071
1349,66089
1350,66081
1351,61041
1352,66061
1353,66069
1354,52061
1355,52371
1356,52529
1357,52051
1358,52039
1359,53401
1360,53251
1361,53271
1362,53259
1363,53231
1364,53239
1365,53391
1366,53389
1367,54079
1368,54247
1369,54248
1370,54231
1371,54039
1372,54049
1373,54041
1374,54469
1375,54451
1376,54461
1377,55321
1378,55329
1379,54351
1380,54449
1381,54471
1382,54571
1383,54579
1384,54481
1385,54489
1386,54419
1387,54411
1388,54289
1389,54281
1390,54409
1391,54399
1392,54391
1393,54341
1394,54349
1395,54251
1396,54259
1397,54059
1398,54051
1399,54191
1400,54189
1401,54181
1402,54161
1403,54199
1404,55121
1405,55129
1406,55111
1407,54209
1408,54201
1409,55119
1410,56259
1411,56251
1412,56021
1413,56029
1414,56039
1415,56059
1416,56049
1417,56191
1418,56041
1419,56051
1420,56071
1421,56079
1422,56089
1423,55269
1424,55261
1425,55271
1426,55279
1427,55381
1428,55351
1429,55251
1430,55259
1431,55249
1432,55039
1433,55021
1434,55029
1435,55349
1436,55339
1437,55371
1438,55171
1439,55179
1440,55211
1441,55221
1442,55009
1443,55231
1444,55209
1445,55201
1446,55199
1447,55141
1448,55331
1449,55341
1450,56201
1451,56209
1452,55011
1453,55019
1454,55131
1455,55139
1456,54459
1457,54221
1458,53349
1459,53359
1460,53079
1461,40251
1462,41159
1463,41149
1464,40259
1465,41151
1466,41141
1467,41131
1468,41121
1469,41129
1470,41031
1471,41109
1472,11081
1473,11459
1474,11451
1475,11381
1476,11389
1477,11379
1478,11279
1479,11271
1480,11289
1481,11281
1482,11301
1483,11309
1484,11291
1485,11299
1486,12121
1487,19029
1488,19021
1489,19041
1490,17249
1491,17229
1492,17171
1493,17009
1494,17181
1495,12061
1496,12069
1497,12119
1498,17111
1499,17109
1500,17101
1501,17119
1502,12211
1503,12021
1504,12029
1505,12151
1506,12169
1507,12049
1508,12081
1509,12089
1510,12071
1511,12079
1512,17201
1513,17399
1514,17419
1515,17409
1516,17379
1517,17371
1518,20029
1519,20141
1520,21079
1521,21071
1522,21159
1523,21049
1524,21041
1525,21299
1526,21291
1527,21301
1528,21131
1529,21051
1530,29039
1531,29031
1532,29029
1533,29021
1534,20179
1535,20171
1536,20129
1537,20121
1538,21029
1539,21021
1540,21509
1541,22431
1542,22499
1543,22491
1544,22501
1545,22509
1546,22009
1547,21361
1548,22481
1549,21369
1550,21411
1551,21419
1552,21399
1553,21391
1554,21449
1555,21441
1556,21409
1557,21691
1558,21699
1559,22599
1560,22591
1561,22349
1562,22341
1563,22419
1564,21421
1565,21429
1566,21169
1567,28541
1568,30011
1569,30029
1570,30021
1571,30031
1572,30039
1573,30049
1574,30041
1575,30059
1576,30051
1577,30091
1578,30099
1579,30081
1580,30089
1581,44629
1582,44621
1583,28159
1584,28151
1585,28169
1586,28161
1587,28551
1588,28611
1589,28399
1590,28391
1591,28411
1592,28421
1593,21231
1594,21239
1595,21669
1596,21621
1597,21629
1598,21679
1599,21671
1600,21601
1601,21751
1602,21571
1603,21579
1604,21011
1605,21779
1606,21189
1607,21541
1608,21549
1609,21181
1610,21561
1611,21569
1612,21771
1613,21019
1614,20241
1615,29159
1616,28199
1617,28659
1618,28051
1619,28059
1620,28231
1621,20081
1622,28221
1623,28309
1624,28229
1625,20271
1626,20061
1627,20069
1628,20261
1629,20181
1630,20269
1631,20151
1632,20251
1633,20209
1634,20259
1635,20201
1636,20219
1637,20211
1638,20231
1639,20239
1640,20089
1641,28239
1642,28049
1643,28041
1644,28021
1645,28011
1646,28019
1647,20101
1648,20109
1649,17051
1650,17059
1651,20291
1652,20299
1653,17339
1654,17311
1655,17279
1656,17319
1657,17321
1658,17329
1659,17269
1660,17041
1661,17289
1662,17039
1663,17049
1664,17139
1665,16891
1666,17121
1667,17129
1668,17191
1669,16151
1670,16159
1671,16141
1672,16149
1673,16199
1674,16191
1675,16139
1676,16131
1677,17309
1678,17021
1679,17029
1680,17369
1681,17361
1682,17081
1683,17031
1684,17389
1685,17381
1686,17301
1687,17011
1688,17019
1689,16009
1690,16069
1691,16061
1692,16059
1693,16049
1694,16109
1695,16101
1696,16221
1697,16229
1698,16011
1699,16019
1700,16219
1701,16211
1702,15221
1703,15229
1704,15211
1705,15219
1706,15079
1707,15071
1708,15091
1709,15099
1710,15101
1711,15109
1712,16021
1713,16039
1714,16041
1715,17291
1716,16081
1717,17351
1718,17359
1719,17299
1720,16089
1721,16079
1722,16071
1723,16241
1724,16249
1725,16051
1726,18311
1727,16161
1728,16169
1729,19059
1730,17091
1731,17159
1732,19051
1733,19069
1734,19061
1735,19079
1736,19049
1737,19031
1738,19039
1739,18149
1740,18141
1741,11199
1742,19019
1743,19011
1744,19091
1745,19099
1746,19071
1747,19089
1748,19081
1749,18119
1750,18111
1751,18071
1752,18331
1753,15131
1754,15139
1755,18109
1756,18101
1757,15129
1758,15121
1759,18339
1760,18249
1761,18279
1762,18271
1763,18089
1764,18081
1765,18069
1766,18061
1767,18221
1768,18239
1769,18301
1770,18309
1771,18319
1772,16031
1773,16231
1774,16239
1775,16029
1776,16121
1777,16119
1778,16111
1779,15119
1780,15111
1781,15189
1782,15181
1783,18251
1784,18261
1785,18269
1786,11561
1787,11589
1788,11579
1789,11609
1790,11151
1791,11059
1792,11479
1793,11489
1794,11481
1795,11159
1796,11471
1797,11169
1798,11161
1799,11449
1800,11049
1801,11039
1802,11031
1803,18191
1804,18211
1805,18199
1806,18181
1807,18189
1808,18171
1809,18179
1810,18151
1811,18159
1812,18241
1813,18041
1814,15191
1815,15199
1816,15161
1817,15169
1818,18289
1819,18281
1820,16201
1821,16209
1822,15201
1823,15209
1824,15151
1825,14419
1826,14169
1827,14161
1828,14171
1829,14179
1830,14429
1831,14189
1832,14401
1833,14409
1834,15049
1835,15041
1836,15149
1837,15159
1838,15141
1839,15051
1840,15059
1841,14211
1842,14369
1843,14501
1844,14391
1845,14199
1846,10659
1847,10431
1848,10109
1849,10101
1850,14209
1851,14471
1852,14399
1853,14331
1854,14339
1855,14049
1856,14159
1857,14151
1858,14139
1859,14489
1860,14319
1861,14029
1862,14379
1863,14389
1864,14381
1865,14109
1866,14011
1867,14101
1868,14089
1869,14081
1870,14071
1871,14239
1872,14231
1873,14021
1874,14229
1875,14221
1876,10399
1877,10391
1878,10051
1879,10059
1880,10061
1881,10069
1882,10018
1883,5019
1884,5012
1885,5013
1886,6171
1887,6189
1888,4329
1889,4321
1890,13211
1891,6169
1892,6161
1893,6031
1894,6151
1895,6039
1896,6159
1897,10229
1898,10221
1899,6141
1900,6081
1901,6071
1902,6069
1903,6049
1904,6051
1905,10169
1906,10379
1907,10181
1908,10199
1909,10191
1910,10261
1911,10321
1912,10281
1913,10429
1914,10411
1915,10419
1916,10401
1917,10409
1918,10599
1919,10131
1920,11019
1921,11529
1922,11521
1923,10139
1924,10111
1925,10441
1926,10449
1927,10119
1928,14191
1929,14201
1930,14219
1931,18019
1932,18011
1933,14509
1934,14499
1935,14491
1936,14329
1937,14359
1938,14351
1939,14341
1940,14051
1941,14279
1942,14271
1943,14031
1944,14039
1945,10369
1946,10361
1947,10071
1948,10161
1949,10389
1950,10241
1951,10249
1952,13069
1953,13063
1954,13062
1955,13121
1956,10239
1957,10231
1958,10381
1959,13051
1960,13179
1961,13171
1962,13059
1963,10519
1964,13139
1965,13119
1966,6131
1967,6149
1968,6129
1969,13081
1970,13159
1971,13141
1972,13169
1973,9111
1974,9023
1975,9011
1976,9059
1977,9038
1978,4149
1979,4111
1980,4159
1981,4143
1982,1619
1983,2111
1984,2119
1985,2159
1986,80151
1987,2149
1988,2141
1989,80159
1990,1629
1991,1621
1992,1611
1993,2049
1994,1029
1995,1019
1996,1012
1997,4151
1998,4179
1999,4029
2000,7561
2001,1013
2002,4121
2003,7509
2004,8031
2005,8057
2006,40011
2007,40019
2008,40271
2009,40279
2010,40101
2011,50011
2012,50351
2013,50019
2014,7111
2015,7539
2016,7531
2017,7021
2018,7569
2019,1039
2020,1119
2021,1112
2022,7589
2023,7529
2024,7419
2025,1121
2026,1239
2027,1231
2028,1219
2029,7331
2030,1211
2031,1311
2032,1319
2033,1349
2034,1329
2035,1421
2036,80199
2037,80191
2038,90031
2039,90039
2040,90029
2041,80169
2042,80161
2043,1411
2044,1429
2045,80251
2046,81169
2047,81161
2048,91091
2049,91081
2050,90061
2051,90059
2052,90051
2053,80181
2054,80189
2055,80149
2056,80211
2057,80219
2058,2099
2059,2171
2060,3501
2061,2101
2062,90079
2063,2161
2064,2169
2065,1511
2066,1529
2067,1521
2068,1549
2069,1519
2070,1631
2071,1639
2072,1541
2073,1059
2074,7551
2075,1113
2076,1139
2077,1559
2078,1109
2079,1129
2080,1229
2081,1419
2082,90021
2083,90011
2084,90019
2085,90069
2086,91161
2087,82051
2088,92109
2089,92099
2090,92091
2091,82059
2092,91121
2093,92261
2094,92241
2095,92249
2096,92101
2097,92169
2098,92161
2099,91071
2100,91131
2101,91101
2102,91069
2103,91061
2104,91051
2105,91059
2106,91049
2107,91041
2108,91099
2109,80271
2110,81179
2111,81171
2112,81159
2113,81151
2114,81149
2115,82071
2116,91079
2117,91141
2118,91111
2119,91151
2120,91089
2121,80171
2122,80179
2123,80141
2124,80069
2125,80119
2126,80111
2127,80071
2128,80301
2129,80309
2130,80291
2131,80299
2132,60039
2133,80311
2134,80319
2135,80109
2136,80051
2137,80031
2138,80049
2139,80009
2140,80039
2141,80011
2142,7379
2143,60019
2144,60011
2145,60099
2146,7249
2147,7241
2148,7211
2149,7221
2150,50241
2151,50349
2152,50239
2153,50231
2154,50089
2155,50071
2156,50079
2157,50029
2158,50119
2159,50038
2160,50179
2161,50191
2162,50209
2163,50159
2164,50201
2165,50199
2166,52401
2167,52411
2168,52419
2169,52451
2170,52479
2171,52471
2172,52008
2173,52261
2174,52269
2175,52309
2176,52301
2177,52281
2178,52289
2179,52429
2180,52349
2181,52389
2182,61101
2183,61079
2184,61009
2185,61099
2186,61061
2187,61069
2188,60269
2189,60081
2190,60089
2191,60161
2192,60159
2193,60139
2194,60141
2195,60241
2196,50991
2197,50221
2198,50121
2199,50081
2200,50301
2201,50261
2202,50259
2203,50251
2204,60199
2205,7361
2206,7369
2207,7359
2208,7351
2209,7329
2210,7371
2211,1339
2212,1341
2213,80029
2214,80101
2215,7319
2216,7231
2217,7031
2218,8041
2219,8058
2220,8079
2221,7011
2222,7517
2223,7518
2224,7571
2225,4019
2226,8069
2227,4142
2228,4223
2229,4229
2230,4251
2231,2181
2232,4249
2233,2031
2234,4168
2235,4167
2236,2029
2237,3011
2238,3349
2239,3341
2240,3331
2241,3339
2242,3421
2243,3419
2244,3411
2245,3369
2246,3371
2247,3509
2248,3511
2249,3519
2250,3539
2251,3391
2252,3129
2253,5411
2254,5519
2255,5431
2256,5641
2257,5631
2258,5629
2259,5651
2260,5649
2261,14061
2262,14069
2263,10041
2264,10499
2265,10049
2266,6029
2267,10017
2268,10011
2269,10039
2270,10021
2271,5521
2272,5421
2273,5429
2274,5419
2275,3222
2276,3218
2277,3239
2278,3111
2279,3151
2280,5271
2281,5259
2282,5241
2283,5269
2284,5189
2285,5131
2286,5029
2287,5009
2288,3381
2289,5319
2290,3021
2291,3071
2292,3059
2293,3529
2294,3031
2295,3019
2296,2051
2297,2089
2298,2151
2299,2061
2300,2011
2301,3041
2302,3223
2303,3241
2304,3211
2305,3219
2306,3217
2307,5199
2308,4211
2309,4219
2310,4339
2311,4331
2312,4222
2313,4239
2314,5023
2315,5059
2316,5129
2317,5022
2318,5049
2319,5039
2320,5069
2321,5239
2322,6011
2323,10149
2324,10141
2325,10151
2326,10129
2327,10121
2328,10079
2329,10501
2330,10371
2331,10351
2332,10359
2333,10171
2334,10179
2335,10189
2336,10339
2337,14259
2338,14241
2339,14249
2340,10009
2341,10331
2342,10341
2343,10349
2344,10421
2345,10439
2346,10099
2347,10091
2348,10089
2349,10081
2350,14269
2351,14281
2352,14059
2353,14299
2354,14291
2355,14309
2356,14019
2357,14519
2358,14129
2359,14119
2360,14141
2361,14121
2362,14009
2363,14131
2364,14041
2365,14349
2366,10651
2367,10459
2368,10451
2369,10489
2370,10481
2371,10201
2372,10209
2373,10269
2374,10271
2375,10279
2376,10329
2377,10289
2378,10319
2379,10471
2380,10479
2381,13031
2382,13049
2383,9139
2384,13191
2385,13199
2386,8111
2387,8137
2388,40109
2389,50321
2390,50279
2391,50031
2392,51101
2393,52131
2394,52139
2395,52071
2396,52079
2397,50161
2398,50169
2399,50037
2400,50069
2401,50061
2402,40121
2403,40129
2404,50021
2405,50041
2406,50051
2407,50049
2408,50171
2409,52409
2410,52099
2411,52499
2412,52331
2413,52319
2414,52489
2415,52399
2416,52381
2417,53009
2418,53229
2419,53261
2420,54109
2421,54101
2422,54369
2423,54609
2424,54531
2425,53381
2426,53371
2427,53159
2428,53201
2429,53331
2430,53339
2431,54629
2432,54621
2433,53341
2434,53021
2435,53041
2436,53049
2437,53051
2438,53351
2439,53171
2440,53189
2441,53149
2442,53379
2443,54071
2444,54019
2445,54611
2446,53329
2447,53321
2448,53151
2449,53169
2450,53161
2451,54619
2452,54011
2453,54031
2454,55189
2455,55159
2456,55151
2457,55361
2458,55241
2459,55031
2460,55229
2461,55239
2462,55219
2463,55301
2464,55309
2465,55311
2466,55319
2467,55509
2468,55181
2469,55169
2470,55149
2471,56069
2472,56061
2473,56081
2474,44269
2475,44261
2476,44301
2477,44229
2478,44211
2479,44609
2480,44601
2481,44349
2482,44341
2483,44331
2484,44239
2485,44231
2486,44249
2487,44241
2488,44199
2489,44209
2490,44201
2491,43889
2492,44381
2493,44321
2494,44929
2495,44919
2496,44691
2497,44771
2498,44779
2499,44911
2500,44921
2501,44311
2502,44221
2503,44219
2504,44859
2505,44141
2506,44149
2507,44159
2508,44151
2509,44139
2510,44131
2511,44021
2512,44029
2513,44909
2514,44251
2515,44041
2516,44049
2517,44641
2518,45009
2519,44731
2520,44191
2521,44739
2522,44019
2523,44031
2524,44281
2525,44289
2526,44291
2527,44299
2528,44399
2529,44391
2530,44119
2531,44479
2532,44471
2533,44449
2534,44109
2535,44441
2536,44881
2537,44889
2538,44129
2539,44121
2540,44421
2541,44271
2542,44279
2543,44439
2544,44411
2545,44111
2546,44101
2547,44091
2548,44591
2549,44089
2550,44081
2551,44181
2552,44189
2553,30121
2554,43831
2555,43839
2556,43659
2557,43529
2558,43099
2559,43089
2560,43071
2561,43081
2562,43159
2563,43261
2564,43268
2565,43069
2566,43891
2567,43859
2568,43869
2569,43879
2570,43139
2571,44371
2572,44379
2573,57011
2574,56091
2575,56099
2576,57019
2577,57029
2578,57039
2579,59019
2580,59011
2581,55281
2582,55289
2583,59031
2584,59039
2585,59509
2586,59439
2587,59379
2588,59441
2589,59449
2590,59711
2591,59741
2592,59749
2593,59731
2594,59739
2595,59719
2596,59759
2597,59479
2598,59601
2599,59399
2600,59381
2601,59389
2602,59789
2603,59469
2604,59461
2605,59471
2606,59579
2607,59571
2608,59289
2609,59281
2610,59701
2611,59709
2612,59459
2613,59419
2614,59591
2615,59599
2616,59781
2617,59771
2618,59791
2619,68171
2620,68179
2621,59819
2622,59811
2623,59801
2624,59809
2625,59609
2626,59779
2627,59409
2628,59401
2629,59411
2630,59451
2631,59341
2632,59349
2633,59371
2634,59431
2635,59421
2636,59051
2637,59331
2638,59311
2639,59319
2640,59089
2641,59541
2642,59559
2643,59551
2644,57089
2645,57081
2646,57071
2647,57079
2648,59329
2649,59321
2650,59561
2651,59499
2652,59721
2653,59729
2654,59021
2655,59029
2656,57051
2657,57149
2658,57141
2659,57021
2660,48099
2661,48089
2662,48081
2663,48091
2664,48101
2665,48109
2666,44389
2667,44351
2668,44359
2669,44361
2670,44369
2671,41139
2672,41049
2673,41041
2674,41069
2675,41051
2676,41061
2677,41079
2678,41071
2679,41089
2680,42029
2681,11341
2682,11349
2683,42021
2684,42011
2685,42129
2686,42019
2687,41081
2688,11259
2689,11261
2690,11401
2691,11189
2692,11181
2693,11171
2694,11429
2695,11409
2696,11179
2697,11051
2698,11469
2699,11069
2700,11061
2701,11439
2702,11079
2703,11071
2704,11089
2705,11229
2706,11221
2707,11209
2708,13029
2709,13019
2710,13011
2711,13021
2712,11201
2713,11211
2714,11219
2715,11091
2716,11099
2717,11109
2718,11101
2719,11119
2720,11111
2721,41101
2722,11269
2723,11009
2724,11351
2725,11191
2726,11369
2727,11361
2728,11359
2729,11419
2730,11231
2731,11239
2732,42031
2733,42049
2734,42059
2735,42051
2736,12109
2737,12099
2738,12091
2739,12031
2740,12039
2741,12041
2742,12111
2743,12059
2744,12051
2745,17241
2746,17251
2747,17259
2748,17131
2749,16991
2750,12179
2751,12199
2752,12189
2753,12149
2754,12141
2755,12139
2756,12129
2757,12131
2758,11311
2759,11321
2760,11319
2761,11331
2762,11329
2763,11339
2764,42131
2765,42139
2766,42041
2767,42039
2768,42159
2769,42151
2770,42099
2771,42091
2772,42111
2773,42119
2774,43639
2775,42181
2776,42189
2777,43019
2778,43011
2779,42179
2780,42231
2781,42171
2782,42169
2783,42061
2784,12101
2785,42141
2786,42149
2787,42089
2788,42109
2789,42259
2790,42071
2791,42161
2792,42239
2793,42221
2794,42229
2795,42309
2796,42301
2797,42219
2798,42201
2799,42311
2800,42319
2801,42209
2802,42291
2803,42299
2804,42249
2805,42241
2806,17429
2807,17439
2808,12209
2809,12201
2810,28181
2811,28701
2812,28109
2813,28101
2814,28691
2815,28681
2816,28689
2817,28699
2818,28651
2819,28669
2820,28661
2821,28679
2822,28671
2823,43219
2824,43211
2825,43501
2826,43141
2827,43621
2828,42211
2829,42199
2830,42191
2831,43229
2832,43221
2833,43209
2834,43201
2835,43199
2836,43191
2837,43731
2838,43599
2839,43591
2840,43739
2841,43171
2842,43179
2843,43429
2844,43421
2845,43809
2846,43801
2847,43541
2848,43571
2849,43499
2850,43671
2851,44171
2852,44871
2853,44879
2854,44099
2855,44599
2856,44579
2857,44459
2858,44469
2859,44521
2860,44461
2861,44519
2862,45451
2863,44689
2864,44559
2865,44079
2866,44071
2867,30109
2868,30101
2869,30119
2870,44589
2871,44581
2872,44551
2873,44569
2874,44529
2875,44491
2876,44499
2877,44501
2878,44509
2879,44511
2880,44561
2881,44571
2882,44481
2883,44489
2884,44451
2885,44539
2886,44531
2887,45239
2888,32041
2889,32061
2890,32089
2891,32081
2892,33019
2893,33011
2894,33021
2895,33039
2896,33031
2897,33049
2898,33059
2899,33051
2900,33041
2901,33029
2902,32071
2903,32111
2904,32101
2905,34101
2906,32109
2907,34109
2908,31081
2909,31089
2910,31071
2911,31079
2912,31069
2913,31061
2914,32059
2915,32069
2916,32051
2917,32049
2918,31199
2919,31191
2920,30019
2921,31171
2922,31179
2923,31161
2924,31151
2925,31139
2926,31131
2927,31009
2928,31041
2929,31031
2930,31121
2931,31129
2932,31039
2933,27449
2934,27441
2935,27109
2936,27101
2937,27129
2938,31021
2939,31029
2940,31019
2941,31011
2942,27171
2943,27179
2944,27181
2945,27169
2946,27419
2947,27329
2948,27279
2949,27271
2950,27301
2951,22369
2952,27521
2953,22469
2954,22461
2955,22549
2956,22521
2957,22471
2958,22479
2959,27529
2960,22451
2961,22459
2962,27511
2963,27501
2964,27131
2965,27139
2966,27159
2967,27509
2968,27519
2969,27309
2970,27421
2971,27429
2972,27351
2973,27359
2974,27391
2975,27399
2976,27431
2977,27381
2978,27401
2979,27409
2980,27411
2981,27321
2982,27261
2983,27209
2984,27071
2985,27011
2986,27189
2987,27199
2988,27069
2989,27061
2990,27031
2991,27021
2992,27311
2993,27291
2994,27281
2995,27539
2996,27531
2997,23081
2998,24139
2999,24599
3000,24129
3001,24149
3002,23371
3003,24019
3004,24011
3005,24499
3006,24489
3007,24029
3008,24021
3009,24239
3010,24229
3011,24571
3012,24581
3013,24049
3014,24041
3015,24159
3016,23491
3017,23499
3018,24009
3019,23379
3020,23519
3021,23089
3022,23489
3023,23481
3024,23079
3025,23071
3026,23061
3027,23161
3028,23169
3029,23171
3030,23179
3031,23189
3032,23181
3033,22169
3034,22171
3035,22179
3036,22191
3037,22219
3038,22151
3039,23011
3040,23091
3041,23099
3042,22609
3043,22181
3044,22199
3045,22271
3046,22221
3047,22161
3048,23501
3049,23509
3050,23101
3051,23109
3052,23019
3053,22399
3054,22391
3055,23279
3056,23271
3057,23261
3058,23251
3059,23369
3060,23361
3061,24259
3062,24089
3063,24299
3064,24269
3065,23351
3066,23359
3067,23441
3068,24279
3069,24289
3070,23341
3071,23449
3072,23431
3073,23421
3074,23439
3075,23411
3076,23419
3077,23429
3078,23321
3079,23221
3080,24451
3081,24539
3082,24629
3083,25669
3084,26221
3085,26431
3086,26441
3087,25621
3088,25631
3089,26399
3090,25701
3091,25709
3092,26451
3093,26419
3094,26409
3095,25719
3096,26389
3097,26379
3098,26311
3099,26299
3100,26349
3101,26249
3102,26241
3103,26269
3104,26251
3105,26259
3106,26261
3107,26279
3108,26289
3109,26369
3110,25711
3111,25729
3112,25741
3113,25751
3114,25761
3115,25781
3116,25771
3117,25801
3118,25791
3119,26429
3120,26211
3121,25661
3122,25641
3123,25651
3124,25611
3125,25671
3126,24549
3127,24541
3128,24559
3129,24531
3130,24431
3131,24441
3132,24679
3133,24671
3134,24189
3135,24209
3136,26121
3137,26129
3138,26131
3139,24701
3140,25381
3141,25551
3142,25559
3143,25069
3144,25541
3145,25359
3146,25351
3147,25161
3148,25219
3149,25189
3150,25191
3151,24519
3152,24511
3153,25199
3154,24509
3155,24501
3156,25171
3157,25169
3158,25101
3159,25109
3160,25091
3161,25099
3162,25811
3163,25451
3164,25459
3165,25449
3166,25441
3167,25689
3168,25391
3169,25399
3170,26201
3171,26209
3172,25469
3173,25461
3174,26089
3175,26081
3176,26099
3177,26091
3178,26151
3179,26161
3180,26069
3181,26079
3182,26071
3183,26061
3184,26059
3185,26051
3186,25609
3187,25601
3188,26461
3189,26321
3190,26331
3191,25599
3192,25591
3193,25561
3194,25569
3195,25579
3196,25571
3197,26049
3198,26041
3199,26031
3200,26039
3201,26029
3202,26021
3203,26011
3204,26019
3205,24619
3206,24611
3207,24621
3208,24601
3209,26119
3210,26111
3211,24609
3212,24689
3213,24301
3214,24169
3215,24331
3216,24339
3217,24389
3218,23229
3219,23239
3220,23231
3221,23331
3222,23311
3223,23301
3224,23281
3225,23291
3226,23249
3227,23241
3228,23349
3229,23259
3230,23269
3231,23409
3232,23401
3233,23399
3234,23389
3235,23381
3236,23391
3237,23451
3238,22099
3239,22409
3240,22401
3241,22421
3242,23469
3243,23461
3244,22091
3245,22429
3246,22081
3247,22089
3248,22331
3249,21099
3250,22079
3251,22071
3252,22061
3253,22039
3254,22031
3255,22159
3256,22141
3257,22149
3258,22059
3259,22051
3260,22041
3261,22049
3262,22069
3263,21111
3264,21121
3265,21129
3266,21119
3267,23219
3268,23211
3269,23119
3270,23111
3271,23029
3272,23201
3273,23209
3274,23191
3275,23199
3276,23479
3277,24631
3278,23471
3279,23021
3280,23139
3281,23129
3282,23121
3283,23039
3284,23031
3285,24639
3286,24249
3287,24651
3288,24359
3289,24341
3290,24349
3291,24369
3292,24351
3293,24461
3294,24391
3295,24421
3296,24411
3297,24401
3298,24379
3299,24381
3300,24179
3301,24661
3302,24669
3303,24199
3304,24641
3305,24681
3306,24699
3307,24691
3308,25321
3309,25209
3310,25201
3311,25329
3312,24529
3313,24521
3314,24219
3315,25181
3316,25179
3317,25349
3318,25341
3319,25331
3320,25821
3321,25339
3322,24709
3323,26171
3324,25371
3325,25379
3326,25361
3327,25369
3328,25151
3329,25129
3330,25121
3331,25119
3332,25111
3333,25589
3334,25549
3335,25389
3336,25061
3337,25079
3338,25511
3339,25519
3340,24719
3341,25691
3342,24711
3343,26101
3344,26109
3345,26141
3346,25071
3347,25531
3348,25539
3349,25819
3350,25509
3351,25501
3352,25239
3353,25249
3354,25471
3355,25479
3356,25681
3357,25499
3358,25491
3359,25421
3360,25429
3361,25439
3362,25431
3363,25411
3364,25419
3365,25269
3366,25259
3367,25009
3368,25231
3369,25221
3370,25229
3371,27051
3372,27041
3373,27221
3374,27211
3375,27219
3376,27231
3377,27241
3378,27251
3379,27149
3380,27141
3381,23069
3382,23149
3383,23141
3384,23131
3385,23151
3386,23159
3387,23059
3388,23051
3389,23049
3390,23041
3391,22189
3392,22551
3393,22511
3394,22539
3395,22531
3396,22249
3397,22441
3398,22449
3399,21371
3400,21379
3401,22411
3402,27331
3403,27341
3404,27349
3405,27371
3406,27379
3407,27099
3408,27451
3409,27459
3410,27461
3411,21381
3412,21389
3413,21161
3414,21241
3415,21249
3416,21439
3417,21431
3418,28539
3419,28531
3420,27479
3421,27471
3422,27469
3423,27091
3424,27389
3425,27439
3426,27121
3427,31049
3428,31059
3429,31051
3430,31159
3431,31169
3432,31149
3433,31141
3434,31201
3435,31211
3436,32119
3437,32031
3438,32039
3439,32079
3440,34019
3441,34011
3442,34029
3443,34021
3444,49249
3445,49211
3446,49219
3447,49199
3448,49229
3449,34039
3450,34049
3451,34059
3452,34041
3453,34031
3454,34051
3455,34009
3456,49239
3457,49209
3458,49149
3459,49081
3460,45449
3461,45441
3462,49071
3463,49079
3464,49091
3465,49099
3466,49109
3467,49119
3468,49111
3469,49129
3470,49121
3471,46041
3472,46591
3473,45599
3474,46379
3475,46371
3476,45591
3477,48019
3478,48011
3479,45209
3480,45201
3481,45131
3482,45139
3483,45129
3484,45141
3485,45149
3486,45121
3487,45111
3488,45119
3489,45109
3490,45101
3491,49031
3492,49039
3493,49051
3494,49041
3495,49059
3496,49069
3497,49061
3498,49049
3499,49101
3500,49171
3501,49089
3502,49179
3503,49169
3504,49151
3505,49159
3506,49141
3507,49189
3508,49181
3509,46059
3510,46051
3511,46101
3512,46509
3513,46049
3514,46031
3515,46039
3516,46589
3517,46011
3518,46019
3519,46581
3520,46091
3521,46088
3522,46069
3523,46109
3524,46219
3525,46211
3526,46239
3527,46609
3528,47701
3529,47021
3530,47029
3531,47019
3532,47011
3533,46131
3534,46141
3535,46149
3536,46161
3537,46169
3538,46151
3539,46159
3540,46709
3541,46249
3542,46241
3543,46171
3544,46179
3545,46139
3546,46129
3547,46121
3548,46209
3549,46511
3550,46519
3551,46501
3552,46119
3553,46111
3554,46191
3555,46181
3556,46189
3557,46201
3558,46079
3559,46071
3560,46579
3561,46571
3562,46561
3563,46569
3564,46559
3565,46551
3566,46291
3567,46299
3568,46541
3569,46549
3570,46321
3571,46341
3572,46349
3573,46221
3574,58439
3575,46229
3576,46979
3577,46659
3578,47589
3579,46649
3580,46669
3581,46951
3582,46971
3583,46339
3584,46329
3585,46009
3586,46008
3587,46631
3588,46639
3589,46281
3590,46391
3591,46661
3592,47581
3593,46651
3594,46679
3595,46671
3596,46769
3597,46771
3598,46779
3599,46781
3600,46789
3601,46761
3602,46409
3603,46699
3604,46691
3605,46859
3606,46851
3607,46681
3608,47509
3609,46989
3610,46981
3611,46991
3612,46999
3613,47501
3614,47511
3615,47579
3616,47571
3617,46689
3618,46869
3619,46861
3620,46879
3621,47591
3622,47649
3623,47541
3624,47549
3625,47659
3626,47651
3627,46489
3628,46729
3629,46721
3630,46719
3631,46711
3632,47189
3633,47129
3634,47121
3635,47169
3636,47179
3637,47071
3638,47079
3639,47821
3640,47829
3641,47101
3642,47109
3643,47199
3644,47081
3645,47089
3646,46881
3647,46479
3648,46809
3649,46841
3650,46461
3651,46469
3652,46801
3653,46791
3654,46811
3655,47681
3656,47611
3657,47609
3658,47601
3659,47759
3660,47751
3661,57129
3662,57121
3663,59301
3664,59309
3665,59511
3666,59069
3667,59671
3668,59061
3669,59691
3670,59699
3671,59611
3672,59361
3673,59369
3674,59619
3675,59009
3676,59008
3677,59661
3678,59669
3679,59161
3680,59179
3681,59171
3682,59249
3683,59099
3684,59091
3685,59159
3686,59109
3687,58549
3688,58541
3689,58531
3690,58539
3691,59221
3692,59231
3693,59239
3694,59251
3695,59101
3696,59149
3697,59141
3698,59119
3699,59111
3700,59131
3701,59139
3702,57119
3703,57111
3704,59129
3705,59279
3706,59271
3707,57139
3708,57131
3709,59121
3710,59261
3711,59529
3712,59521
3713,59269
3714,59259
3715,59229
3716,59219
3717,59211
3718,58521
3719,58529
3720,58209
3721,58201
3722,58061
3723,58069
3724,58071
3725,58079
3726,58081
3727,58089
3728,58099
3729,58091
3730,58199
3731,58181
3732,58171
3733,58169
3734,58161
3735,58179
3736,58139
3737,58131
3738,58401
3739,58351
3740,58419
3741,58421
3742,58211
3743,58009
3744,58291
3745,58249
3746,58241
3747,58259
3748,58319
3749,58221
3750,58229
3751,58289
3752,58389
3753,58251
3754,58299
3755,58371
3756,58379
3757,58571
3758,58579
3759,58011
3760,58019
3761,58029
3762,58391
3763,58109
3764,58101
3765,58151
3766,58159
3767,58339
3768,58189
3769,58191
3770,58509
3771,58501
3772,58059
3773,58049
3774,58041
3775,58051
3776,58519
3777,58511
3778,58269
3779,58261
3780,58399
3781,58021
3782,58331
3783,58219
3784,58429
3785,58311
3786,58329
3787,58321
3788,46901
3789,46891
3790,46739
3791,46731
3792,46941
3793,46931
3794,46921
3795,58149
3796,58141
3797,58361
3798,47119
3799,47111
3800,47801
3801,47809
3802,58451
3803,58459
3804,47819
3805,47131
3806,47141
3807,47151
3808,47099
3809,47091
3810,47811
3811,58369
3812,58359
3813,46911
3814,58381
3815,47629
3816,47621
3817,46741
3818,47671
3819,46471
3820,47049
3821,47041
3822,47059
3823,47051
3824,47061
3825,47069
3826,46481
3827,46799
3828,46821
3829,46831
3830,46419
3831,46431
3832,46451
3833,47039
3834,47031
3835,47201
3836,46309
3837,46269
3838,46301
3839,46319
3840,46311
3841,46199
3842,46271
3843,46279
3844,46251
3845,46261
3846,46459
3847,46421
3848,46411
3849,46439
3850,46449
3851,46441
3852,46429
3853,46401
3854,46399
3855,46289
3856,46641
3857,46331
3858,46351
3859,46621
3860,46359
3861,46611
3862,46539
3863,45581
3864,45589
3865,46619
3866,46361
3867,46369
3868,46021
3869,46029
3870,45199
3871,45191
3872,45069
3873,45059
3874,45051
3875,45161
3876,45169
3877,45171
3878,45179
3879,49131
3880,49139
3881,49019
3882,45221
3883,45229
3884,45189
3885,45181
3886,45061
3887,45151
3888,45041
3889,44811
3890,44819
3891,44651
3892,44659
3893,44809
3894,44801
3895,44861
3896,45019
3897,45011
3898,45309
3899,45301
3900,45291
3901,44541
3902,44549
3903,44009
3904,45231
3905,45249
3906,45241
3907,45319
3908,45269
3909,45271
3910,45279
3911,45461
3912,45469
3913,45299
3914,45479
3915,45259
3916,45251
3917,45311
3918,45261
3919,45321
3920,45359
3921,45371
3922,45351
3923,45329
3924,45349
3925,45419
3926,45421
3927,45429
3928,45159
3929,44839
3930,44619
3931,44611
3932,44709
3933,44699
3934,44701
3935,44831
3936,44721
3937,44729
3938,48119
3939,48111
3940,48029
3941,48021
3942,48031
3943,48039
3944,48041
3945,46381
3946,46389
3947,46491
3948,46499
3949,46521
3950,46529
3951,46531
3952,46629
3953,58449
3954,58479
3955,58461
3956,46969
3957,46961
3958,47539
3959,47561
3960,47569
3961,47521
3962,47529
3963,47491
3964,47499
3965,47559
3966,46871
3967,47599
3968,47661
3969,46749
3970,58301
3971,58271
3972,58279
3973,58341
3974,58349
3975,58411
3976,58409
3977,58489
3978,58129
3979,58121
3980,58111
3981,58491
3982,58499
3983,58481
3984,58119
3985,58281
3986,58309
3987,47619
3988,47641
3989,47551
3990,48061
3991,48069
3992,48071
3993,48059
3994,48051
3995,48079
3996,48149
3997,48141
3998,57059
3999,57041
4000,57049
4001,57031
4002,48131
4003,48049
4004,45211
4005,45099
4006,45091
4007,45079
4008,45071
4009,49029
4010,49021
4011,49011
4012,45411
4013,45401
4014,45409
4015,45339
4016,45341
4017,45331
4018,45381
4019,45389
4020,45391
4021,45399
4022,45431
4023,45439
4024,45049
4025,45379
4026,45489
4027,45361
4028,45369
4029,45021
4030,45491
4031,45031
4032,45039
4033,45029
4034,44999
4035,44061
4036,43991
4037,44069
4038,44051
4039,44059
4040,44869
4041,44791
4042,44799
4043,44821
4044,44829
4045,44669
4046,44661
4047,44679
4048,44671
4049,44649
4050,44631
4051,44259
4052,44401
4053,44639
4054,44329
4055,44339
4056,43131
4057,43111
4058,43119
4059,44011
4060,43129
4061,43121
4062,43109
4063,43721
4064,43589
4065,43561
4066,43569
4067,43549
4068,43431
4069,43161
4070,43449
4071,43169
4072,43619
4073,43629
4074,43611
4075,43149
4076,43181
4077,43189
4078,43439
4079,43441
4080,43231
4081,43239
4082,43249
4083,43059
4084,43051
4085,42991
4086,43061
4087,43811
4088,43251
4089,43267
4090,43279
4091,43271
4092,43151
4093,43091
4094,43899
4095,43961
4096,43969
4097,43821
4098,43021
4099,43631
4100,43029
4101,43049
4102,43041
4103,43829
4104,43819
4105,43259
4106,43309
4107,43301
4108,43291
4109,43289
4110,43241
4111,43719
4112,44169
4113,44179
4114,43491
4115,43679
4116,43669
4117,30129
4118,30111
4119,44899
4120,44891
4121,44161
4122,43521
4123,43649
4124,43641
4125,43581
4126,43579
4127,43601
4128,43609
4129,40379
4130,40369
4131,43481
4132,43489
4133,43469
4134,43339
4135,43331
4136,43351
4137,28291
4138,28339
4139,28289
4140,28341
4141,28459
4142,28111
4143,28461
4144,28469
4145,28471
4146,28481
4147,28119
4148,43459
4149,43359
4150,43361
4151,43369
4152,43329
4153,43321
4154,43391
4155,43399
4156,43419
4157,43411
4158,43009
4159,43701
4160,43709
4161,43389
4162,43381
4163,43519
4164,43741
4165,43749
4166,43509
4167,43311
4168,43319
4169,28709
4170,28189
4171,28039
4172,28031
4173,20039
4174,28029
4175,20059
4176,20051
4177,20159
4178,20189
4179,20149
4180,20191
4181,20199
4182,20169
4183,20161
4184,20249
4185,28249
4186,28211
4187,28061
4188,28069
4189,28639
4190,28631
4191,28641
4192,28649
4193,28311
4194,28621
4195,28629
4196,43511
4197,43371
4198,43691
4199,43699
4200,43379
4201,43409
4202,43401
4203,40309
4204,40301
4205,40311
4206,43751
4207,43759
4208,40361
4209,43681
4210,43841
4211,43479
4212,43471
4213,43461
4214,43531
4215,43539
4216,43341
4217,43349
4218,40339
4219,40341
4220,40351
4221,43781
4222,43789
4223,43771
4224,43779
4225,40371
4226,40359
4227,40349
4228,40321
4229,43452
4230,28299
4231,28329
4232,28319
4233,28321
4234,28071
4235,28449
4236,28301
4237,28241
4238,28201
4239,28009
4240,28439
4241,28259
4242,28251
4243,28269
4244,28271
4245,28079
4246,28441
4247,28431
4248,28279
4249,28261
4250,28081
4251,28089
4252,28331
4253,28451
4254,28369
4255,28361
4256,28351
4257,28359
4258,28349
4259,28281
4260,43453
4261,40329
4262,40331
4263,43769
4264,43761
4265,28129
4266,28121
4267,28491
4268,28501
4269,28519
4270,28581
4271,28509
4272,28499
4273,28149
4274,28139
4275,28131
4276,28141
4277,28571
4278,28561
4279,28401
4280,28409
4281,28601
4282,28591
4283,28381
4284,28389
4285,28511
4286,28521
4287,28529
4288,21459
4289,21451
4290,21719
4291,21711
4292,21229
4293,21211
4294,21689
4295,21219
4296,21279
4297,21271
4298,21191
4299,21199
4300,21639
4301,21769
4302,21761
4303,21759
4304,21589
4305,21591
4306,21599
4307,21609
4308,21611
4309,21209
4310,21619
4311,28099
4312,21661
4313,28091
4314,28371
4315,28379
4316,21651
4317,21659
4318,21649
4319,21641
4320,21631
4321,21581
4322,21201
4323,21681
4324,22489
4325,22259
4326,22251
4327,22241
4328,22239
4329,22231
4330,22361
4331,22351
4332,22359
4333,27361
4334,27369
4335,22529
4336,22541
4337,22519
4338,22579
4339,22571
4340,21351
4341,21359
4342,21251
4343,21259
4344,21261
4345,21269
4346,21521
4347,21529
4348,21511
4349,21519
4350,21349
4351,21341
4352,22439
4353,22561
4354,22569
4355,22309
4356,22559
4357,22319
4358,22329
4359,21329
4360,21321
4361,22281
4362,22289
4363,22299
4364,22229
4365,22029
4366,22019
4367,21309
4368,21319
4369,21311
4370,22021
4371,22011
4372,21331
4373,21339
4374,21501
4375,21491
4376,21499
4377,21481
4378,21489
4379,21539
4380,21531
4381,21179
4382,21171
4383,21461
4384,21559
4385,21551
4386,21469
4387,21479
4388,21471
4389,21151
4390,21139
4391,21141
4392,21149
4393,21069
4394,21109
4395,21089
4396,21059
4397,29011
4398,29019
4399,29129
4400,29041
4401,29049
4402,29119
4403,29149
4404,29069
4405,29139
4406,29071
4407,29099
4408,29091
4409,29081
4410,29089
4411,29101
4412,29109
4413,29111
4414,29051
4415,29059
4416,29121
4417,20331
4418,20281
4419,20319
4420,20341
4421,20309
4422,20289
4423,20139
4424,20131
4425,20329
4426,20021
4427,20031
4428,17189
4429,17221
4430,17219
4431,17211
4432,17179
4433,17141
4434,17149
4435,20019
4436,20011
4437,17079
4438,17071
4439,17331
4440,17069
4441,17061
4442,17239
4443,17161
4444,17169
4445,17151
4446,17099
4447,16179
4448,18321
4449,18329
4450,16171
4451,16181
4452,16189
4453,16099
4454,16091
4455,18079
4456,18121
4457,18129
4458,18051
4459,18059
4460,18021
4461,18029
4462,18209
4463,18201
4464,18099
4465,18049
4466,18131
4467,11021
4468,11029
4469,11511
4470,11519
4471,11551
4472,11539
4473,11139
4474,11141
4475,11149
4476,11131
4477,11531
4478,11541
4479,11041
4480,11441
4481,11599
4482,10211
4483,10219
4484,10299
4485,10291
4486,10301
4487,10309
4488,11499
4489,11491
4490,10461
4491,10469
4492,10311
4493,13039
4494,13041
4495,13209
4496,13189
4497,13181
4498,9159
4499,40199
4500,40179
4501,9219
4502,9212
4503,9047
4504,9022
4505,13079
4506,13071
4507,13089
4508,13091
4509,13099
4510,13101
4511,13109
4512,4311
4513,8019
4514,8011
4515,8138
4516,40021
4517,40029
4518,40049
4519,40189
4520,40181
4521,40041
4522,40031
4523,40039
4524,40059
4525,40051
4526,40111
4527,40069
4528,40119
4529,40079
4530,40089
4531,40239
4532,40231
4533,40249
4534,52219
4535,52149
4536,52191
4537,52271
4538,52279
4539,52441
4540,52291
4541,52299
4542,52359
4543,52341
4544,52481
4545,52081
4546,52089
4547,52311
4548,52339
4549,52321
4550,52329
4551,52259
4552,52251
4553,52009
4554,52189
4555,52181
4556,52141
4557,52211
4558,52011
4559,53311
4560,53319
4561,53029
4562,53039
4563,53179
4564,53181
4565,53141
4566,53199
4567,53191
4568,53209
4569,54069
4570,54061
4571,56269
4572,53099
4573,56261
4574,53089
4575,53081
4576,53361
4577,53369
4578,53059
4579,53069
4580,53061
4581,40269
4582,40261
4583,51119
4584,51111
4585,51049
4586,51041
4587,52559
4588,51059
4589,51051
4590,52249
4591,51069
4592,51079
4593,51071
4594,51071
4595,53011
4596,53111
4597,53121
4598,53299
4599,53291
4600,53139
4601,53131
4602,53129
4603,53019
4604,53119
4605,51131
4606,51139
4607,52019
4608,52029
4609,52021
4610,52031
4611,52069
4612,52059
4613,52361
4614,52229
4615,52221
4616,52199
4617,52239
4618,52231
4619,52509
4620,52501
4621,52059
4622,52109
4623,52129
4624,52049
4625,60251
4626,60249
4627,60121
4628,60029
4629,60119
4630,60191
4631,60101
4632,50331
4633,50249
4634,60059
4635,60051
4636,60021
4637,60031
4638,60069
4639,60181
4640,60179
4641,60201
4642,60071
4643,70109
4644,70059
4645,70051
4646,62011
4647,62049
4648,62041
4649,62221
4650,62229
4651,62231
4652,63109
4653,63101
4654,63281
4655,63289
4656,63279
4657,63099
4658,63091
4659,63089
4660,63081
4661,63139
4662,64239
4663,64219
4664,64221
4665,64229
4666,64131
4667,64321
4668,64329
4669,64069
4670,62271
4671,65021
4672,67211
4673,67261
4674,67269
4675,67611
4676,67619
4677,67279
4678,67271
4679,67209
4680,67201
4681,67339
4682,67331
4683,67609
4684,67601
4685,67621
4686,64449
4687,64351
4688,64359
4689,64559
4690,64011
4691,64241
4692,64309
4693,64301
4694,64319
4695,64161
4696,64169
4697,64151
4698,75021
4699,75409
4700,75401
4701,75411
4702,75419
4703,75151
4704,75179
4705,75149
4706,75161
4707,75169
4708,75139
4709,75379
4710,75299
4711,75311
4712,75351
4713,75381
4714,75369
4715,77301
4716,77309
4717,77319
4718,77291
4719,75359
4720,77339
4721,77331
4722,77271
4723,77269
4724,77261
4725,77289
4726,77169
4727,77281
4728,77161
4729,77231
4730,77311
4731,77239
4732,77071
4733,77189
4734,78049
4735,77241
4736,77249
4737,77061
4738,77181
4739,77069
4740,77011
4741,77019
4742,77141
4743,77191
4744,77081
4745,77211
4746,77209
4747,77201
4748,77139
4749,77199
4750,77131
4751,77379
4752,77008
4753,77179
4754,77171
4755,78109
4756,78091
4757,78119
4758,78111
4759,78081
4760,78089
4761,77341
4762,75559
4763,75551
4764,75481
4765,75339
4766,75289
4767,75281
4768,75251
4769,75259
4770,75219
4771,75089
4772,75081
4773,76049
4774,75131
4775,76529
4776,75121
4777,75129
4778,75261
4779,75329
4780,75499
4781,75491
4782,75469
4783,75271
4784,75279
4785,75511
4786,74031
4787,74039
4788,74029
4789,73029
4790,73021
4791,73039
4792,73031
4793,75391
4794,74019
4795,74011
4796,74021
4797,75361
4798,74041
4799,74049
4800,75319
4801,75461
4802,75519
4803,75291
4804,75371
4805,75171
4806,75141
4807,75159
4808,75111
4809,75201
4810,75209
4811,75101
4812,75109
4813,75031
4814,75039
4815,75099
4816,75071
4817,76129
4818,76121
4819,76069
4820,76339
4821,76079
4822,76161
4823,76169
4824,76141
4825,76199
4826,76191
4827,75571
4828,75579
4829,75569
4830,75561
4831,75541
4832,75549
4833,75488
4834,75479
4835,75471
4836,75269
4837,76519
4838,76511
4839,76521
4840,75009
4841,75008
4842,76551
4843,76559
4844,76149
4845,76409
4846,76091
4847,76301
4848,76181
4849,76109
4850,76101
4851,76189
4852,76401
4853,76471
4854,76361
4855,76369
4856,76389
4857,76359
4858,76351
4859,76271
4860,76279
4861,76349
4862,76341
4863,76251
4864,76269
4865,76261
4866,78181
4867,78189
4868,76259
4869,76239
4870,76231
4871,76461
4872,76451
4873,76439
4874,76441
4875,96051
4876,96059
4877,96449
4878,96419
4879,96199
4880,96191
4881,96201
4882,96299
4883,96171
4884,96099
4885,96091
4886,96031
4887,96039
4888,96089
4889,96081
4890,96119
4891,96111
4892,96071
4893,96079
4894,96021
4895,96271
4896,96249
4897,96241
4898,95209
4899,96351
4900,97009
4901,97169
4902,97161
4903,96061
4904,96069
4905,76449
4906,76459
4907,76421
4908,76431
4909,98309
4910,97109
4911,97129
4912,98029
4913,98021
4914,98101
4915,98111
4916,98119
4917,97121
4918,98089
4919,98301
4920,97031
4921,97301
4922,95159
4923,96439
4924,96431
4925,96421
4926,96429
4927,96219
4928,96341
4929,96411
4930,96441
4931,96049
4932,96041
4933,96291
4934,96209
4935,95909
4936,95901
4937,96301
4938,96389
4939,96371
4940,96361
4941,96401
4942,96309
4943,96319
4944,96311
4945,96229
4946,96221
4947,96239
4948,96231
4949,85031
4950,85101
4951,85061
4952,85069
4953,84299
4954,96281
4955,96251
4956,96259
4957,96289
4958,96109
4959,96101
4960,84439
4961,84431
4962,85071
4963,85089
4964,85081
4965,85079
4966,85109
4967,85049
4968,85041
4969,96019
4970,96011
4971,96029
4972,96381
4973,96321
4974,96329
4975,96331
4976,95151
4977,95019
4978,95011
4979,97331
4980,97321
4981,97201
4982,97051
4983,97059
4984,97209
4985,97069
4986,97061
4987,97071
4988,97089
4989,97081
4990,98059
4991,97091
4992,97099
4993,98049
4994,98041
4995,98031
4996,98039
4997,98129
4998,98131
4999,98149
5000,98141
5001,98061
5002,98069
5003,97079
5004,95129
5005,95169
5006,95161
5007,95171
5008,95181
5009,95179
5010,95189
5011,95131
5012,95091
5013,95099
5014,95139
5015,95071
5016,95089
5017,95081
5018,95191
5019,95061
5020,95069
5021,95051
5022,95141
5023,95149
5024,99189
5025,99181
5026,99139
5027,99049
5028,99039
5029,99031
5030,99091
5031,99099
5032,99109
5033,99101
5034,99111
5035,99119
5036,99079
5037,99021
5038,99029
5039,99011
5040,98171
5041,98181
5042,99019
5043,99041
5044,95049
5045,95041
5046,95039
5047,95029
5048,95109
5049,99161
5050,95079
5051,99171
5052,99009
5053,99131
5054,99129
5055,99081
5056,99089
5057,99071
5058,98199
5059,78211
5060,98099
5061,78199
5062,78059
5063,78051
5064,78191
5065,98019
5066,98081
5067,98011
5068,98091
5069,78219
5070,97101
5071,98311
5072,98319
5073,97019
5074,97011
5075,98299
5076,98291
5077,97111
5078,97119
5079,98109
5080,97049
5081,97041
5082,97311
5083,97189
5084,97181
5085,97179
5086,97171
5087,97149
5088,97141
5089,97159
5090,97151
5091,97039
5092,76469
5093,76039
5094,76031
5095,76221
5096,76229
5097,76219
5098,76211
5099,76371
5100,76311
5101,76319
5102,76159
5103,76151
5104,76209
5105,76201
5106,76399
5107,76391
5108,76549
5109,76541
5110,75019
5111,76051
5112,76059
5113,76139
5114,76131
5115,76119
5116,76041
5117,75079
5118,76061
5119,75061
5120,84209
5121,84409
5122,84401
5123,84329
5124,84331
5125,84339
5126,84241
5127,84061
5128,84069
5129,84051
5130,84059
5131,84081
5132,84149
5133,94029
5134,94021
5135,94039
5136,94031
